"AnnoRilevamento","DenominazioneAtl","Provincia","Comune","Cap","AltitudineComune","DenominazioneStruttura","Indirizzo","NroCivico","AltitudineStruttura","Telefono","RecapitiFax","EMail","SitoWeb","Qualifica","SottotipologiaOstelloFacenteParteDiCircuito","SottotipologiaObbligoTesseramentoPressoLaStruttura","SottotipologiaObbligoPressoUfficioTesseramento","SottotipologiaOstelloIndipendente","SottotipologiaColonia","SottotipologiaCasaVacanza","SottotipologiaPensionatoUniversitario","SottotipologiaCentroDiSoggiornoStudio","SottotipologiaCasaDellaGiovane","SottotipologiaCasaReligiosaDiOspitalit","SottotipologiaForesteria","MarchiDiQualitEcolabelEuropeo","AccessoAllaStrutturaUbicazioneCitt","AccessoAllaStrutturaUbicazioneFuoriCitt","DistanzeParcheggioEsternoM","DistanzeImpRisalitaM","DistanzeStazioneFerroviariaKm","DistanzeComuneStazioneFerroviaria","DistanzeNomeStazioneFerroviaria","DistanzeCaselloAutostradaKm","DistanzeAutostrada","DistanzeCasello","DistanzeAereoportoKm","DistanzeAereoporto","AccessibilitDiversamenteAbiliIdoneitDivAbili","AccessibilitDiversamenteAbiliNrCamereConBagno","AccessibilitDiversamenteAbiliNrPostiAuto","AccessibilitDiversamenteAbiliNrServiziIgenici","AccessibilitDiversamenteAbiliNrDocceCalde","LingueParlateInglese","LingueParlateFrancese","LingueParlateTedesco","LingueParlateSpagnolo","LingueParlatePortoghese","CapacitRicettivaCamereDaLetto","CapacitRicettivaCamerate","CapacitRicettivaBagni","CapacitRicettivaPostiLetto","CapacitRicettivaWc","CapacitRicettivaLavabi","CapacitRicettivaDocce","AltreCaratteristicheEServiziOspitalitNrNottiMinimeAs","AltreCaratteristicheEServiziOspitalitAccetGruppi","AltreCaratteristicheEServiziOspitalitAccetSoloPrenotazione","AltreCaratteristicheEServiziOspitalitStudenti","AltreCaratteristicheEServiziAnimaliDomesticiNonAmmessi","AltreCaratteristicheEServiziAnimaliDomesticiAmmAlGuinzaglio","AltreCaratteristicheEServiziAnimaliDomesticiInCamera","AltreCaratteristicheEServiziAnimaliDomesticiSpazioEsterno","AltreCaratteristicheEServiziAnimaliDomesticiPasti","AltreCaratteristicheEServiziAnimaliDomesticiPrezzoPastiMin","AltreCaratteristicheEServiziAnimaliDomesticiPrezzoPastiMax","AnnoPrezziAnimaliDomestici","PrezziGiornalieriPerCameraAltaStagioneSingolaSBagnoMin","PrezziGiornalieriPerCameraAltaStagioneSingolaSBagnoMax","PrezziGiornalieriPerCameraAltaStagioneSingolaCBagnoMin","PrezziGiornalieriPerCameraAltaStagioneSingolaCBagnoMax","PrezziGiornalieriPerCameraAltaStagioneDoppiaUsoSingolaSBagnoMin","PrezziGiornalieriPerCameraAltaStagioneDoppiaUsoSingolaSBagnoMax","PrezziGiornalieriPerCameraAltaStagioneDoppiaUsoSingolaCBagnoMin","PrezziGiornalieriPerCameraAltaStagioneDoppiaUsoSingolaCBagnoMax","PrezziGiornalieriPerCameraAltaStagioneDoppiaSBagnoMin","PrezziGiornalieriPerCameraAltaStagioneDoppiaSBagnoMax","PrezziGiornalieriPerCameraAltaStagioneDoppiaCBagnoMin","PrezziGiornalieriPerCameraAltaStagioneDoppiaCBagnoMax","PrezziGiornalieriPerCameraAltaStagioneTriplaSBagnoMin","PrezziGiornalieriPerCameraAltaStagioneTriplaSBagnoMax","PrezziGiornalieriPerCameraAltaStagioneTriplaCBagnoMin","PrezziGiornalieriPerCameraAltaStagioneTriplaCBagnoMax","PrezziGiornalieriPerCameraAltaStagione4LettiSBagnoMin","PrezziGiornalieriPerCameraAltaStagione4LettiSBagnoMax","PrezziGiornalieriPerCameraAltaStagione4LettiCBagnoMin","PrezziGiornalieriPerCameraAltaStagione4LettiCBagnoMax","PrezziGiornalieriPerCameraAltaStagioneLettoInAggiuntaMax","PrezziGiornalieriPerCameraBassaStagioneSingolaSBagnoMin","PrezziGiornalieriPerCameraBassaStagioneSingolaSBagnoMax","PrezziGiornalieriPerCameraBassaStagioneSingolaCBagnoMin","PrezziGiornalieriPerCameraBassaStagioneSingolaCBagnoMax","PrezziGiornalieriPerCameraBassaStagioneDoppiaUsoSingolaSBagnoMin","PrezziGiornalieriPerCameraBassaStagioneDoppiaUsoSingolaSBagnoMax","PrezziGiornalieriPerCameraBassaStagioneDoppiaUsoSingolaCBagnoMin","PrezziGiornalieriPerCameraBassaStagioneDoppiaUsoSingolaCBagnoMax","PrezziGiornalieriPerCameraBassaStagioneDoppiaSBagnoMin","PrezziGiornalieriPerCameraBassaStagioneDoppiaSBagnoMax","PrezziGiornalieriPerCameraBassaStagioneDoppiaCBagnoMin","PrezziGiornalieriPerCameraBassaStagioneDoppiaCBagnoMax","PrezziGiornalieriPerCameraBassaStagioneTriplaSBagnoMin","PrezziGiornalieriPerCameraBassaStagioneTriplaSBagnoMax","PrezziGiornalieriPerCameraBassaStagioneTriplaCBagnoMin","PrezziGiornalieriPerCameraBassaStagioneTriplaCBagnoMax","PrezziGiornalieriPerCameraBassaStagione4LettiSBagnoMin","PrezziGiornalieriPerCameraBassaStagione4LettiSBagnoMax","PrezziGiornalieriPerCameraBassaStagione4LettiCBagnoMin","PrezziGiornalieriPerCameraBassaStagione4LettiCBagnoMax","PrezziGiornalieriPerCameraBassaStagioneLettoInAggiuntaMax","PrezziGiornalieriPerPersonaAltaStagioneCamerateMin","PrezziGiornalieriPerPersonaAltaStagioneCamerateMax","PrezziGiornalieriPerPersonaAltaStagioneMezzaPensioneMin","PrezziGiornalieriPerPersonaAltaStagioneMezzaPensioneMax","PrezziGiornalieriPerPersonaAltaStagionePensioneCompletaMin","PrezziGiornalieriPerPersonaAltaStagionePensioneCompletaMax","PrezziGiornalieriPerPersonaBassaStagioneCamerateMin","PrezziGiornalieriPerPersonaBassaStagioneCamerateMax","PrezziGiornalieriPerPersonaBassaStagioneMezzaPensioneMin","PrezziGiornalieriPerPersonaBassaStagioneMezzaPensioneMax","PrezziGiornalieriPerPersonaBassaStagionePensioneCompletaMin","PrezziGiornalieriPerPersonaBassaStagionePensioneCompletaMax","PrimaColazioneNonPrevista","PrimaColazioneNonCompresa","PrimaColazioneCompresa","PrimaColazionePrezziItalianaMin","PrimaColazionePrezziItalianaMax","PrimaColazionePrezziIngleseMin","PrimaColazionePrezziIngleseMax","PrimaColazionePrezziABuffetMin","PrimaColazionePrezziABuffetMax","RistoranteNumeroCoperti","RistorantePiattoUnico","RistoranteCucinaCeliaca","RistoranteMenuFisso","RistoranteConSpecialitPiemontesi","RistoranteCucinaVegetariana","ScontiEPromozioniGruppiOrganizzati","ScontiEPromozioniBambini","ScontiEPromozioniAccompagnatori","ScontiEPromozioniAccordiTourOperator","ScontiEPromozioniSettimaneBiancheVerdi","ScontiEPromozioniInterpreti","ScontiEPromozioniCongressisti","ScontiEPromozioniSoggiorniOltre14Gg","ModalitDiPagamentoObbligoCaparra","ModalitDiPagamentoBonifico","ModalitDiPagamentoCartaDiCredito","ModalitDiPagamentoBancomat","ModalitDiPagamentoAssegno","ModalitDiPagamentoContanti","DotazioniComuniAscensore","DotazioniComuniMontascale","DotazioniComuniSalaRiunioni","DotazioniComuniTelefonoUsoComune","DotazioniComuniCassaforte","DotazioniComuniAreaBarbecue","DotazioniComuniAreaPicNic","DotazioniComuniSeggioloneBimbi","DotazioniComuniSalaSoggiornoLettura","DotazioniComuniLocaleAlimentiEBevande","DotazioniComuniSalaTv","DotazioniComuniSalaTvSatellitare","DotazioniComuniInternetPointGratis","DotazioniComuniInternetPointPagam","DotazioniComuniInternetCavoWiFiGratis","DotazioniComuniInternetCavoWiFiPagam","DotazioniComuniTerrazzo","DotazioniComuniParcheggioRiservato","DotazioniComuniGarage","DotazioniComuniAreaGiocoBambini","DotazioniComuniParcoGiardino","DotazioniComuniSpiaggiaPrivata","DotazioniComuniDocceInSpiaggia","DotazioniComuniLavatrice","DotazioniComuniCassettaProntoSoccorso","DotazioniDelleCamereCamerateCassettaSicurezza","DotazioniDelleCamereCamerateLineaTelefonicaDiretta","DotazioniDelleCamereCamerateCondizionamentoAria","DotazioniDelleCamereCamerateRadio","DotazioniDelleCamereCamerateImpiantoHiFi","DotazioniDelleCamereCamerateInternetCavoWifiGratis","DotazioniDelleCamereCamerateInternetCavoWifiPagamento","DotazioniDelleCamereCamerateTv","DotazioniDelleCamereCamerateTvSatellitare","DotazioniDelleCamereCamerateBalconeTerrazzo","DotazioniDelleCamereCamerateLettinoBimbiCulla","DotazioniDelleCamereCamerateFrigoBar","DotazioniDelleCamereCamerateWc","DotazioniDelleCamereCamerateBidet","DotazioniDelleCamereCamerateLavabo","DotazioniDelleCamereCamerateDoccia","DotazioniDelleCamereCamerateVascaDaBagno","DotazioniDelleCamereCamerateVascaIdromassaggio","DotazioniDelleCamereCamerateSauna","DotazioniDelleCamereCamerateBagnoTurco","DotazioniDelleCamereCamerateTeliSpugna","DotazioniDelleCamereCamerateAsciugacapelli","ImpiantiSportiviESvagoPiscinaScoperta","ImpiantiSportiviESvagoPiscinaScopertaFuoriTerra","ImpiantiSportiviESvagoMinigolf","ImpiantiSportiviESvagoTennis","ImpiantiSportiviESvagoPallavolo","ImpiantiSportiviESvagoPingPong","ImpiantiSportiviESvagoSalaGiochi","ImpiantiSportiviESvagoBiliardo","ImpiantiSportiviESvagoBocce","ImpiantiSportiviESvagoEquitazione","ImpiantiSportiviESvagoManeggio","ImpiantiSportiviESvagoCicloturismo","ImpiantiSportiviESvagoPalestraFitness","ImpiantiSportiviESvagoGiochiDiSociet","ServiziDisponibiliPortineriaDiurna","ServiziDisponibiliPortineriaNotturna","ServiziDisponibiliCustodiaValori","ServiziDisponibiliFax","ServiziDisponibiliNavetta","ServiziDisponibiliSveglia","ServiziDisponibiliDepositoAttrSportive","ServiziDisponibiliLocaleRicoveroBici","ServiziDisponibiliNoleggioBici"
"2017","ATL Turismo Torino e Provincia","TORINO","TORINO","10100","239","BUENA VISTA","Via Giordano Bruno","191","239","3914089452-0112386330",,"info@buenavista.torino.it","www.acmos.net","Casa per Ferie","NO","NO","NO","NO","NO","NO","SI","NO","NO","NO","NO","NO","SI","NO","0 m",,,,,,,,,,"SI",,,,,"SI","NO","NO","NO","NO","20",,"8","24","8","8","8","30","SI","SI","SI","NO","NO","NO","NO","NO",,,"2017","14","14",,,,,,,"9","9",,,,,,,,,,,,,,,,,,,,,,,,,,,,,,,,,,,,,,,,,,,,,"SI","NO","NO",,,,,,,,"NO","NO","NO","NO","NO","NO","NO","NO","NO","NO","NO","NO","NO","SI","SI","SI","SI","SI","NO","NO","NO","NO","NO","NO","NO","NO","NO","NO","NO","NO","NO","NO","NO","NO","NO","NO","NO","NO","NO","NO","NO","NO","NO","NO","Nessuno","Nessuno","Nessuno","Nessuno","Nessuno","Nessuno","Alcuni","Nessuno","Nessuno","Alcuni","Nessuno","Nessuno","Alcuni","Alcuni","Alcuni","Tutti","Tutti","Nessuno","Nessuno","Nessuno","Nessuno","Nessuno","NO","NO","NO","NO","NO","NO","NO","NO","NO","NO","NO","NO","NO","NO","SI","NO","NO","NO","NO","NO","NO","SI","SI"
"2017","ATL Turismo Torino e Provincia","TORINO","TORINO","10100","239","CASA IN CENTRO","San Domenico","13/I","239","3290552565","0114319268","casaincentro@coopaccomazzi.it","www.coopaccomazzi.it","Casa per Ferie","NO","NO","NO","NO","NO","NO","SI","NO","NO","NO","NO","NO","SI","NO","15 mt",,"1 Km","TORINO","PORTA SUSA","5 Km","A4","SETTIMO","29 Km","TORINO CASELLE ""PERTINI""","SI","2",,"2","2","SI","NO","NO","NO","NO","13",,"10","24","10","11","10",,"NO","NO","SI","SI","NO","NO","NO","NO",,,"2017",,,"13.5","70",,,"15","80",,,"10.5","90",,,,,,,,,,,,,,,,,,,,,,,,,,,,,,,,,,,,,,,,,,,"SI","NO","NO",,,,,,,,"NO","NO","NO","NO","NO","NO","SI","NO","NO","NO","NO","NO","SI","SI","SI","NO","NO","SI","SI","SI","SI","NO","NO","NO","NO","NO","SI","SI","NO","SI","NO","NO","NO","NO","SI","NO","NO","NO","NO","NO","NO","NO","SI","SI","Nessuno","Nessuno","Nessuno","Nessuno","Nessuno","Nessuno","Alcuni","Nessuno","Nessuno","Nessuno","Tutti","Nessuno","Alcuni","Alcuni","Alcuni","Alcuni","Nessuno","Nessuno","Nessuno","Nessuno","Nessuno","Tutti","NO","NO","NO","NO","NO","NO","NO","NO","NO","NO","NO","NO","NO","NO","NO","NO","NO","NO","NO","NO","NO","NO","NO"
"2017","ATL Turismo Torino e Provincia","TORINO","TORINO","10100","239","CASA OASI","Via Capriolo Luigi","18","239","0113835245-3371320952","0113802905","casa.oasi@gruppoarco.org","www.gruppoarco.org/casaoasi","Ostello per la gioventu","NO","NO","NO","NO","NO","NO","SI","NO","NO","NO","NO","NO","SI","NO",,,"2 km","TORINO","PORTA SUSA",,,,"17 km","TORINO CASELLE ""PERTINI""","SI","1",,"2","2","SI","SI","NO","NO","NO","10",,"3","20","8","5","6","1","NO","SI","NO","SI","NO","NO","NO","NO",,,"2017",,,,,,,,,"16","40","20","50",,,,,,,,,,,,,,,,,,,,,,,,,,,,,,,,,,,,,,,,,,,"SI","NO","NO",,,,,,,,"NO","NO","NO","NO","NO","NO","SI","NO","NO","NO","NO","NO","SI","NO","NO","NO","NO","NO","NO","SI","SI","SI","NO","NO","NO","NO","NO","SI","NO","SI","SI","NO","NO","NO","SI","SI","NO","NO","NO","SI","NO","NO","SI","SI","Nessuno","Nessuno","Nessuno","Nessuno","Nessuno","Nessuno","Alcuni","Nessuno","Nessuno","Tutti","Nessuno","Alcuni","Alcuni","Tutti","Alcuni","Alcuni","Nessuno","Nessuno","Nessuno","Nessuno","Nessuno","Nessuno","NO","NO","NO","NO","NO","NO","NO","NO","NO","NO","NO","NO","SI","NO","SI","NO","NO","SI","NO","NO","NO","NO","NO"
"2017","ATL Turismo Torino e Provincia","TORINO","TORINO","10100","239","CASA SANT'ANNA","Via Massena Andrea","36","239","0115166532-3317049877","0115166599","casasantanna.to@istituto-santanna.it",,"Casa per Ferie","NO","NO","NO","NO","NO","NO","NO","NO","NO","SI","NO","NO","SI","NO","500 mt",,"0,6 km","TORINO","PORTA NUOVA","12,9 km","A55 - TANGENZIALE NORD","FALCHERA","13,5 km","TORINO CASELLE ""PERTINI""","NO",,,,,"SI","NO","NO","NO","NO","6",,"6","12","7","7","7","3","NO","SI","SI","NO","NO","NO","NO","NO",,,"2017",,,,,,,"40","45",,,"60","70",,,,,,,,,,,,,,,,,,,,,,,,,,,,,,,,,,,,,,,,,,,"SI","NO","NO",,,,,,,,"NO","NO","NO","NO","NO","NO","NO","NO","NO","NO","NO","NO","NO","SI","SI","NO","NO","SI","SI","SI","NO","SI","NO","NO","NO","NO","NO","SI","NO","SI","NO","NO","NO","NO","SI","NO","NO","NO","NO","NO","NO","NO","SI","NO","Nessuno","Nessuno","Nessuno","Nessuno","Nessuno","Nessuno","Alcuni","Nessuno","Nessuno","Nessuno","Nessuno","Nessuno","Alcuni","Alcuni","Alcuni","Alcuni","Tutti","Nessuno","Nessuno","Nessuno","Nessuno","Nessuno","NO","NO","NO","NO","NO","NO","NO","NO","NO","NO","NO","NO","NO","NO","SI","NO","NO","SI","NO","NO","NO","SI","NO"
"2017","ATL Turismo Torino e Provincia","TORINO","TORINO","10100","239","CIVIVO 15","Via Cottolengo","15","239","3429924123",,"civivo15@providencehouse.it",,"Casa per Ferie","NO","NO","NO","NO","NO","NO","NO","NO","NO","NO","NO","NO","SI","NO","50",,"2,4","torino","fs porta susa","9,2","a4","to-mi",,,"SI","2",,"2","2","SI","SI","NO","SI","NO","15",,"15","45","17","20","15","90","NO","NO","SI","SI","NO","NO","NO","NO",,,"2017",,,"350","350",,,,,,,"300","300",,,"450","450",,,,,,,,,,,,,,,,,,,,,,,,,,,,,,,,,,,,,,,"SI","NO","NO",,,,,,,,"NO","NO","NO","NO","NO","NO","NO","NO","NO","NO","NO","NO","NO","SI","SI","NO","NO","NO","NO","SI","NO","SI","NO","SI","NO","NO","SI","SI","NO","NO","SI","NO","NO","NO","SI","SI","NO","NO","NO","NO","NO","NO","SI","SI","Nessuno","Nessuno","Nessuno","Nessuno","Alcuni","Nessuno","Alcuni","Nessuno","Nessuno","Nessuno","Tutti","Alcuni","Alcuni","Tutti","Alcuni","Tutti","Nessuno","Nessuno","Nessuno","Nessuno","Nessuno","Nessuno","NO","NO","NO","NO","NO","NO","NO","NO","NO","NO","NO","NO","NO","NO","SI","NO","SI","SI","NO","NO","NO","SI","NO"
"2017","ATL Turismo Torino e Provincia","TORINO","TORINO","10100","239","COLLEGIO UNIVERSITARIO R. EINAUDI - SEZ. MOLE","VIA DELLE ROSINE","3","239","0118126856","0118171008","concorsi@collegioeinaudi.it","www.collegioeinaudi.com","Casa per Ferie","NO","NO","NO","NO","NO","NO","NO","NO","NO","NO","NO","NO","SI","NO",,,"1,9 km","Torino","Porta Nuova","8,6 km","A6","tangenziale","16,8 km","caselle T.se","NO",,,,,"NO","NO","NO","NO","NO","113",,"43","115",,,,,"NO","NO","NO","NO","NO","NO","NO","NO",,,"2017",,,"25","60",,,"25","28",,,"30","36",,,,,,,,,,,,,,,,,,,,,,,,,,,,,,,,,,,,,,,,,,,"SI","NO","NO",,,,,,,,"NO","NO","NO","NO","NO","NO","NO","NO","NO","NO","NO","NO","NO","SI","SI","NO","NO","NO","NO","SI","NO","NO","NO","NO","NO","NO","NO","SI","NO","NO","NO","NO","SI","NO","SI","NO","NO","NO","NO","NO","NO","NO","NO","SI","Nessuno","Nessuno","Nessuno","Nessuno","Nessuno","Nessuno","Alcuni","Nessuno","Nessuno","Nessuno","Nessuno","Nessuno","Tutti","Tutti","Tutti","Tutti","Nessuno","Nessuno","Nessuno","Nessuno","Nessuno","Nessuno","NO","NO","NO","NO","NO","SI","SI","NO","NO","NO","NO","NO","NO","NO","SI","NO","NO","NO","NO","NO","NO","SI","NO"
"2017","ATL Turismo Torino e Provincia","TORINO","TORINO","10100","239","COLLEGIO UNIVERSITARIO R. EINAUDI - SEZ. PO","Via Maria Vittoria","39","239","0118126853","0118171008","concorsi@collegioeinaudi.it","www.collegioeinaudi.it","Casa per Ferie","NO","NO","NO","NO","NO","NO","NO","NO","NO","NO","NO","NO","SI","NO",,,"1,9 km","Torino","Porta Nuova","8,6 km","To-Sv","Moncalieri","16,8 km","Torino Caselle","SI","8",,"8","8","NO","NO","NO","NO","NO","151",,"151","152",,,,,"NO","NO","NO","NO","NO","NO","NO","NO",,,"2017",,,"25","60",,,"25","28",,,"30","36",,,,,,,,,,,,,,,,,,,,,,,,,,,,,,,,,,,,,,,,,,,"SI","NO","NO",,,,,,,,"NO","NO","NO","NO","NO","NO","NO","NO","NO","NO","NO","NO","NO","SI","SI","NO","NO","NO","NO","SI","SI","NO","NO","NO","NO","NO","NO","SI","NO","NO","NO","NO","SI","NO","SI","NO","NO","NO","NO","NO","NO","NO","NO","SI","Nessuno","Nessuno","Nessuno","Nessuno","Nessuno","Nessuno","Alcuni","Nessuno","Nessuno","Nessuno","Nessuno","Nessuno","Alcuni","Alcuni","Alcuni","Alcuni","Nessuno","Nessuno","Nessuno","Nessuno","Nessuno","Nessuno","NO","NO","NO","NO","NO","SI","SI","NO","NO","NO","NO","NO","NO","NO","SI","NO","NO","NO","NO","NO","NO","SI","NO"
"2017","ATL Turismo Torino e Provincia","TORINO","TORINO","10100","239","COLLEGIO UNIVERSITARIO R. EINAUDI - SEZ. SAN PAOLO","Via Bobbio","3","239","0113851944","0118171008","concorsi@collegioeinaudi.it","www.collegioeinaudi.it","Casa per Ferie","NO","NO","NO","NO","NO","NO","NO","NO","NO","NO","NO","NO","SI","NO",,,"3,3 km","Torino","FS porta nuova",,,,"20,3 km","Torino Caselle","SI","10",,"10","10","NO","NO","NO","NO","NO","179",,"179","181",,,,,"NO","NO","NO","NO","NO","NO","NO","NO",,,"2017",,,"25","60",,,"25","28",,,"30","36",,,,,,,,,,,,,,,,,,,,,,,,,,,,,,,,,,,,,,,,,,,"SI","NO","NO",,,,,,,,"NO","NO","NO","NO","NO","NO","NO","NO","NO","NO","NO","NO","NO","SI","SI","NO","NO","NO","NO","SI","SI","NO","NO","NO","NO","NO","NO","SI","NO","NO","NO","NO","SI","NO","SI","NO","NO","NO","NO","NO","NO","NO","NO","SI","Nessuno","Nessuno","Nessuno","Nessuno","Nessuno","Nessuno","Alcuni","Nessuno","Nessuno","Nessuno","Nessuno","Nessuno","Alcuni","Alcuni","Alcuni","Alcuni","Nessuno","Nessuno","Nessuno","Nessuno","Nessuno","Nessuno","NO","NO","NO","NO","NO","SI","SI","NO","NO","NO","NO","NO","NO","NO","SI","NO","NO","NO","NO","NO","NO","SI","NO"
"2017","ATL Turismo Torino e Provincia","TORINO","TORINO","10100","239","DON BOSCO YOUTH HOUSE","Corso Unione Sovietica","312","239","0116198311","0116198421","economo@agnelli.it","www.agnelli.it","Casa per Ferie","NO","NO","NO","NO","NO","NO","SI","NO","NO","NO","NO","NO","SI","NO","10",,"4","Torino","Lingotto","10","Orbassano","TO-Pinerolo","38","Caselle T.se","SI","2","2",,,"SI","NO","NO","NO","NO","18",,"18","18","18","18","18",,"NO","SI","SI","SI","NO","NO","NO","NO",,,"2017",,,"10","10",,,,,,,,,,,,,,,,,,,,,,,,,,,,,,,,,,,,,,,,,,,,,,,,,,,"SI","NO","NO",,,,,,,,"NO","NO","NO","NO","NO","NO","NO","NO","NO","NO","NO","NO","NO","SI","SI","SI","SI","SI","SI","SI","NO","NO","NO","NO","NO","NO","NO","SI","NO","SI","NO","NO","NO","NO","SI","NO","NO","NO","NO","NO","NO","NO","NO","NO","Nessuno","Tutti","Nessuno","Nessuno","Nessuno","Nessuno","Tutti","Nessuno","Nessuno","Tutti","Nessuno","Nessuno","Tutti","Tutti","Tutti","Tutti","Nessuno","Nessuno","Nessuno","Nessuno","Nessuno","Nessuno","NO","NO","NO","NO","NO","SI","SI","NO","NO","NO","NO","NO","NO","NO","SI","NO","NO","NO","NO","NO","NO","NO","NO"
"2017","ATL Turismo Torino e Provincia","TORINO","TORINO","10100","239","FOYER - YWCA UCDG","Via San Secondo","70","239","0115683369-0115819571","0115131427","segreteria@ywcaitalia.it",,"Casa per Ferie","NO","NO","NO","NO","NO","NO","NO","NO","NO","NO","NO","NO","SI","NO",,,"1 Km","TORINO","PORTA NUOVA",,,,,,"NO","3","3",,,"SI","SI","SI","NO","NO","29",,"5","50","7","27","6",,"NO","SI","SI","SI","NO","NO","NO","NO",,,"2017","10.8","25",,,,,,,"20","40",,,,,,,,,,,,,,,,,,,,,,,,,,,,,,,,,,,,,,,,,,,,,"SI","NO","NO",,,,,,,,"NO","NO","NO","NO","NO","NO","SI","NO","NO","NO","NO","NO","SI","SI","SI","NO","NO","SI","SI","SI","NO","SI","NO","SI","NO","NO","NO","SI","NO","SI","NO","NO","NO","NO","SI","NO","NO","NO","NO","NO","NO","NO","SI","SI","Nessuno","Nessuno","Nessuno","Nessuno","Nessuno","Nessuno","Alcuni","Nessuno","Nessuno","Tutti","Tutti","Nessuno","Alcuni","Tutti","Alcuni","Tutti","Nessuno","Nessuno","Nessuno","Nessuno","Nessuno","Nessuno","NO","NO","NO","NO","NO","NO","NO","NO","NO","NO","NO","NO","NO","NO","NO","NO","SI","NO","NO","NO","NO","SI","NO"
"2017","ATL Turismo Torino e Provincia","TORINO","TORINO","10100","239","FRATERNITA'","Via Lanfranchi Francesco","16","239","0118192658-3358091345",,"fratuniversitarie@gmail.com",,"Casa per Ferie","NO","NO","NO","NO","NO","NO","SI","NO","NO","NO","NO","NO","SI","NO","0 m",,"1,5 Km","TORINO","PORTA NUOVA / SUSA","2,5 Km","A4 - A5 - A32","TORINO","20 Km","TORINO CASELLE ""PERTINI""","NO",,,,,"SI","SI","NO","NO","NO","11",,"11","14","12","14","11",,"NO","NO","SI","NO","NO","NO","NO","NO",,,"2017",,,,"25",,,,,,,,"25",,,,,,,,,,,,,,,,,,,,,,,,,,,,,,,,,,,,,,,,,,,"NO","NO","NO",,,,,,,,"NO","NO","NO","NO","NO","NO","NO","NO","NO","NO","NO","NO","NO","NO","SI","NO","NO","SI","SI","SI","NO","SI","SI","NO","NO","NO","NO","SI","SI","SI","SI","NO","NO","NO","SI","NO","NO","NO","NO","SI","NO","NO","SI","SI","Nessuno","Nessuno","Nessuno","Nessuno","Nessuno","Nessuno","Nessuno","Nessuno","Nessuno","Nessuno","Nessuno","Nessuno","Alcuni","Alcuni","Alcuni","Alcuni","Nessuno","Nessuno","Nessuno","Nessuno","Nessuno","Nessuno","NO","NO","NO","NO","NO","NO","NO","NO","NO","NO","NO","NO","NO","NO","NO","NO","NO","NO","NO","NO","NO","NO","NO"
"2017","ATL Turismo Torino e Provincia","TORINO","TORINO","10100","239","ISTITUTO ALFIERI - CARRU'","Via Accademia Albertina","14","239","0118395391","0118395391","amministrazione@istitutoalfiericarru.it","www.istitutoalfiericarru.it","Casa per Ferie","NO","NO","NO","NO","NO","NO","NO","NO","NO","NO","NO","NO","SI","NO","100 mt",,,,,,,,,,"SI","3",,"3","3","SI","SI","NO","SI","NO","69",,"53","96","53","53","53",,"NO","SI","SI","NO","NO","NO","NO","NO",,,"2017",,,"100","430",,,"100","345",,,"100","285",,,,,,,,,"20",,,,,,,,,,,,,,,,,,,,,,"20","30",,,,,,,,,,,"SI","NO","NO",,,,,,,,"NO","NO","NO","NO","NO","NO","NO","NO","NO","NO","NO","NO","NO","SI","SI","NO","NO","SI","SI","SI","NO","SI","SI","NO","NO","NO","NO","SI","NO","SI","NO","NO","NO","NO","SI","SI","NO","NO","SI","NO","NO","NO","SI","SI","Nessuno","Alcuni","Nessuno","Nessuno","Nessuno","Nessuno","Alcuni","Tutti","Nessuno","Tutti","Nessuno","Alcuni","Alcuni","Alcuni","Alcuni","Alcuni","Nessuno","Nessuno","Nessuno","Nessuno","Alcuni","Nessuno","NO","NO","NO","NO","NO","NO","NO","NO","NO","NO","NO","NO","NO","SI","SI","SI","NO","SI","NO","SI","SI","SI","NO"
"2017","ATL Turismo Torino e Provincia","TORINO","TORINO","10100","239","ISTITUTO SUORE SAN GIUSEPPE","Via Giolitti Giovanni","29","239","0118177874","0118123466","istitsg_ferie@yahoo.it",,"Casa per Ferie","NO","NO","NO","NO","NO","NO","SI","NO","NO","NO","NO","NO","SI","NO","200 mt",,"0,8 Km","TORINO","PORTA NUOVA","7 Km","A4","TORINO","18 Km","TORINO CASELLE ""PERTINI""","NO","1",,,,"NO","SI","NO","NO","NO","24",,"28","24","28","30","28",,"NO","NO","SI","SI","NO","NO","NO","NO",,,"2017",,,,,,,,,,,,,,,,,,,,,,,,,,,,,,,,,,,,,,,,,,,,,,,,,,,,,,,"NO","NO","NO",,,,,,,,"NO","NO","NO","NO","NO","NO","NO","NO","NO","NO","NO","NO","NO","NO","SI","NO","NO","SI","SI","SI","NO","SI","SI","NO","NO","NO","NO","SI","NO","SI","NO","NO","NO","NO","SI","SI","SI","NO","NO","SI","NO","NO","SI","SI","Nessuno","Nessuno","Nessuno","Nessuno","Nessuno","Nessuno","Alcuni","Nessuno","Nessuno","Nessuno","Nessuno","Nessuno","Alcuni","Alcuni","Alcuni","Alcuni","Nessuno","Nessuno","Nessuno","Nessuno","Nessuno","Nessuno","NO","NO","NO","NO","NO","NO","NO","NO","NO","NO","NO","NO","NO","NO","SI","NO","NO","SI","NO","SI","NO","SI","NO"
"2017","ATL Turismo Torino e Provincia","TORINO","TORINO","10100","239","OASI MARIA CONSOLATA","Via Santa Lucia","89/97","239","0116612300","0116612300","oasicavoretto@gruppoabele.org","www.oasicavoretto.it","Casa per Ferie","NO","NO","NO","NO","NO","NO","NO","NO","NO","NO","NO","NO","SI","NO","300 mt",,"6 Km","TORINO","PORTA NUOVA","20 Km","TO-PIACENZA","SANTENA","20 Km","TORINO CASELLE ""PERTINI""","SI","2","5","2","2","SI","SI","NO","SI","NO","35",,"26","45","8","8","2","1","SI","NO","NO","NO","SI","NO","NO","NO",,,"2017","25","30","35","45",,,,,"45","55","60","80",,,,,,,,,,,,,,,,,,,,,,,,,,,,,,,,,"40","80","50","100",,,,,,,"NO","NO","SI",,,,,,,"60","NO","SI","SI","NO","SI","SI","NO","SI","NO","NO","NO","NO","NO","SI","SI","SI","SI","SI","SI","SI","NO","SI","NO","NO","NO","NO","SI","SI","SI","SI","SI","NO","SI","NO","SI","SI","SI","NO","NO","SI","NO","NO","NO","SI","Nessuno","Nessuno","Nessuno","Nessuno","Nessuno","Nessuno","Nessuno","Nessuno","Nessuno","Nessuno","Nessuno","Nessuno","Alcuni","Alcuni","Alcuni","Alcuni","Tutti","Nessuno","Nessuno","Nessuno","Alcuni","Tutti","NO","NO","NO","NO","NO","NO","NO","NO","NO","NO","NO","NO","NO","NO","SI","NO","NO","SI","SI","SI","NO","NO","NO"
"2017","ATL Turismo Torino e Provincia","TORINO","TORINO","10100","239","OPEN 011 - CASA DELLA MOBILITA' GIOVANILE","Corso Venezia","11","239","011250535","0112215919","info@open011.it","www.open011.it","Ostello per la gioventu","NO","NO","NO","SI","NO","NO","NO","NO","NO","NO","NO","SI","SI","NO","0 m",,"4 km","Torino","FS Porta Susa",,,,"14 km","Caselle T.se","SI","4",,,,"SI","NO","NO","NO","NO","34",,"34","100","34","34","34","1","SI","NO","SI","SI","NO","NO","NO","NO",,,"2017",,,"36.5","40",,,"36.5","40",,,"52.5","59.5",,,"66.5","77",,,"88.5","102.5",,,,,,,,,,,,,,,,,,,,,,,"22","28.5","35","48.5","46","60",,,,,,,"NO","NO","SI",,,,,,,"100","NO","SI","SI","NO","SI","SI","SI","SI","SI","NO","NO","NO","SI","SI","SI","SI","SI","SI","SI","SI","NO","SI","NO","NO","NO","SI","SI","SI","NO","SI","NO","NO","NO","NO","SI","SI","NO","NO","NO","NO","NO","NO","NO","SI","Nessuno","Nessuno","Alcuni","Nessuno","Nessuno","Nessuno","Nessuno","Nessuno","Nessuno","Nessuno","Tutti","Nessuno","Alcuni","Alcuni","Alcuni","Alcuni","Nessuno","Nessuno","Nessuno","Nessuno","Nessuno","Alcuni","NO","NO","NO","NO","NO","NO","NO","NO","NO","NO","NO","NO","NO","SI","SI","SI","NO","SI","NO","NO","NO","SI","SI"
"2017","ATL Turismo Torino e Provincia","TORINO","TORINO","10100","239","OSTELLO DELL'ANTICA ABBADIA","Strada Comunale Cascinotto","59","239","0112730972",,"ostello.abbadia@virgilio.it","www.ostelloanticaabbadia.it","Ostello per la gioventu","NO","NO","NO","NO","NO","NO","NO","NO","NO","NO","SI","NO","SI","NO","10",,,,,,,,"10 km","TORINO CASELLE ""PERTINI""","NO",,,,,"NO","NO","NO","SI","NO","7","13","2","76","10","13","10","1","SI","NO","SI","SI","NO","NO","NO","NO",,,"2017","25","25","25","35","25","25","25","35","36","36","36","46","48","48","48","63","64","64","64","74","10",,,,,,,,,,,,,,,,,,,,,,,,,,,,,,,,,,"SI","NO","NO",,,,,,,,"NO","NO","NO","NO","NO","SI","SI","NO","NO","NO","NO","NO","NO","NO","NO","NO","NO","NO","NO","NO","SI","SI","NO","NO","SI","SI","SI","SI","SI","SI","NO","NO","SI","NO","SI","NO","NO","NO","SI","SI","NO","NO","SI","SI","Nessuno","Nessuno","Nessuno","Nessuno","Nessuno","Nessuno","Tutti","Nessuno","Nessuno","Nessuno","Nessuno","Nessuno","Alcuni","Nessuno","Alcuni","Alcuni","Nessuno","Nessuno","Nessuno","Nessuno","Nessuno","Tutti","NO","NO","NO","NO","NO","SI","NO","NO","NO","NO","NO","NO","NO","NO","SI","SI","SI","SI","NO","NO","SI","SI","NO"
"2017","ATL Turismo Torino e Provincia","TORINO","TORINO","10100","239","PENSIONATO LAVORATORI LA SALETTE","Via Maddona Della Salette","20","239","3663573585","011710753","torinolasalette@gmail.com",,"Casa per Ferie","NO","NO","NO","NO","NO","NO","SI","NO","NO","NO","NO","NO","SI","NO","10",,"3,5 Km","TORINO","PORTA SUSA","4 Km","TANGENZIALE","FREJUS","18","Caselle T.se","NO",,,,,"SI","SI","NO","NO","NO","46",,,"48","15","46","15","5","NO","NO","SI","NO","NO","NO","NO","NO",,,"2017","12.16","25",,,,,,,,,,,,,,,,,,,,,,,,,,,,,,,,,,,,,,,,,,,,,,,,,,,,,"SI","NO","NO",,,,,,,,"NO","NO","NO","NO","NO","SI","NO","NO","NO","NO","NO","NO","SI","SI","SI","NO","NO","SI","SI","NO","NO","SI","NO","NO","SI","SI","NO","SI","NO","SI","NO","NO","NO","NO","SI","NO","SI","NO","NO","SI","NO","NO","SI","SI","Nessuno","Nessuno","Nessuno","Nessuno","Nessuno","Nessuno","Tutti","Nessuno","Nessuno","Nessuno","Nessuno","Nessuno","Nessuno","Nessuno","Nessuno","Nessuno","Nessuno","Nessuno","Nessuno","Nessuno","Nessuno","Nessuno","NO","NO","NO","NO","NO","NO","NO","NO","NO","NO","NO","NO","NO","NO","NO","NO","NO","NO","NO","NO","NO","SI","NO"
"2017","ATL Turismo Torino e Provincia","TORINO","TORINO","10100","239","PENSIONATO REBADUE","Piazza Rebaudengo Conti Di","22","239","0112429711","0112429799","economato@rebanet.it","www.rebanet.it","Casa per Ferie","NO","NO","NO","NO","NO","NO","SI","NO","NO","NO","NO","NO","SI","NO","20 mt",,"6 km","TORINO","PORTA SUSA","2 km","A4 - A5","TORINO NORD","11 km","TORINO CASELLE ""PERTINI""","NO",,,,,"SI","NO","NO","NO","NO","16",,"15","16","17","22","17",,"NO","NO","SI","NO","NO","NO","NO","NO",,,"2017","9.86","10.18",,,,,,,,,,,,,,,,,,,,,,,,,,,,,,,,,,,,,,,,,,,,,,,,,,,,,"NO","NO","NO",,,,,,,,"NO","NO","NO","NO","NO","NO","NO","NO","NO","NO","NO","NO","NO","NO","SI","NO","NO","SI","SI","SI","NO","SI","SI","NO","NO","NO","NO","SI","NO","SI","NO","NO","NO","NO","SI","SI","NO","NO","NO","SI","NO","NO","SI","SI","Nessuno","Alcuni","Nessuno","Nessuno","Nessuno","Nessuno","Alcuni","Nessuno","Nessuno","Nessuno","Nessuno","Nessuno","Tutti","Tutti","Alcuni","Tutti","Nessuno","Nessuno","Nessuno","Nessuno","Nessuno","Nessuno","NO","NO","NO","NO","SI","SI","SI","NO","NO","NO","NO","NO","SI","NO","SI","NO","NO","NO","NO","NO","NO","NO","NO"
"2017","ATL Turismo Torino e Provincia","TORINO","TORINO","10100","239","PENSIONATO ROSA GOVONE","Via Delle Rosine","7","239","3420184774","0114319268","casagovone@coopaccomazzi.it","www.coopaccomazzi.it","Casa per Ferie","NO","NO","NO","NO","NO","NO","SI","NO","NO","SI","NO","NO","SI","NO","50 mt",,"2,5 km","TORINO","PORTA NUOVA / SUSA","13 km","A4","TORINO","18 km","TORINO CASELLE ""PERTINI""","NO",,,"1","1","SI","SI","NO","NO","SI","62",,"34","73","15","55","13",,"SI","SI","SI","SI","NO","NO","NO","NO",,,"2017","20.63","60","24.73","65","22.7","66","27.21","71.5","36.67","110","43.73","120",,,,,,,,,"15",,,,,,,,,,,,,,,,,,,,,,,,"35","90",,,,,,,,,"NO","NO","SI",,,,,,,"55","NO","NO","SI","NO","SI","NO","SI","NO","NO","NO","NO","NO","SI","SI","SI","NO","NO","SI","SI","SI","NO","NO","NO","NO","NO","NO","NO","SI","SI","SI","NO","NO","SI","NO","SI","NO","SI","NO","NO","NO","NO","NO","SI","SI","Nessuno","Nessuno","Nessuno","Nessuno","Nessuno","Tutti","Nessuno","Nessuno","Nessuno","Tutti","Nessuno","Nessuno","Alcuni","Alcuni","Alcuni","Tutti","Tutti","Nessuno","Nessuno","Nessuno","Nessuno","Tutti","NO","NO","NO","NO","NO","NO","NO","NO","NO","NO","NO","NO","NO","NO","SI","NO","NO","NO","NO","NO","NO","NO","NO"
"2017","ATL Turismo Torino e Provincia","TORINO","TORINO","10100","239","PENSIONATO UNIVERSITARIO ARTIGIANELLI","Corso Palestro","14","239","3484008019","0115625824","universitari@educarecoop.org",,"Casa per Ferie","NO","NO","NO","NO","NO","NO","SI","NO","NO","NO","NO","NO","SI","NO","0",,"0,8","Torino","Fs Porta Susa","10","A4","Settimo T.se","25","Caselle T.se","NO",,,,,"SI","SI","SI","SI","SI","51",,"51","98","51","51","51",,"NO","NO","SI","SI","NO","NO","NO","NO",,,"2017",,,,,,,,,,,"30","31",,,"45","47",,,"61","62",,,,,,,,,,,,,,,,,,,,,,,"15","16",,,,,,,,,,,"NO","NO","SI",,,,,,,"100","NO","SI","SI","SI","SI","NO","NO","NO","NO","NO","NO","NO","NO","NO","SI","NO","NO","NO","NO","SI","NO","SI","NO","NO","NO","NO","NO","SI","SI","SI","SI","NO","NO","NO","SI","NO","NO","NO","NO","NO","NO","NO","SI","SI","Nessuno","Nessuno","Nessuno","Nessuno","Nessuno","Nessuno","Tutti","Nessuno","Nessuno","Nessuno","Nessuno","Nessuno","Alcuni","Alcuni","Alcuni","Alcuni","Nessuno","Nessuno","Nessuno","Nessuno","Nessuno","Nessuno","NO","NO","NO","NO","NO","NO","SI","NO","NO","NO","NO","NO","NO","SI","SI","SI","SI","SI","SI","SI","SI","SI","NO"
"2017","ATL Turismo Torino e Provincia","TORINO","TORINO","10100","239","PENSIONATO UNIVERSITARIO SALESIANO SAN GIUSEPPE","Via Maria Ausiliatrice","36","239","0115224822","0115224395","cus.valdocco@31gennaio.net",,"Casa per Ferie","NO","NO","NO","NO","NO","NO","SI","NO","NO","NO","NO","NO","SI","NO","30 mt",,"2 Km","TORINO","PORTA SUSA","4 Km","TO-MILANO A4","TORINO","15 Km","TORINO CASELLE ""PERTINI""","NO",,,,,"NO","NO","NO","NO","NO","17",,"1","17","4","17","4",,"NO","NO","SI","NO","NO","NO","NO","NO",,,"2017",,,,,,,,,,,,,,,,,,,,,,,,,,,,,,,,,,,,,,,,,,,,,,,,,,,,,,,"NO","NO","NO",,,,,,,,"NO","NO","NO","NO","NO","NO","NO","NO","NO","NO","NO","NO","NO","NO","SI","NO","NO","SI","SI","SI","NO","SI","SI","NO","NO","NO","NO","SI","NO","SI","NO","NO","NO","NO","SI","SI","NO","NO","NO","NO","NO","NO","SI","SI","Nessuno","Alcuni","Nessuno","Nessuno","Nessuno","Alcuni","Nessuno","Nessuno","Nessuno","Nessuno","Nessuno","Nessuno","Nessuno","Nessuno","Nessuno","Nessuno","Nessuno","Nessuno","Nessuno","Nessuno","Nessuno","Nessuno","NO","NO","NO","NO","SI","SI","SI","NO","NO","NO","NO","NO","SI","NO","SI","NO","NO","NO","NO","NO","NO","NO","NO"
"2017","ATL Turismo Torino e Provincia","TORINO","TORINO","10100","239","ATTIC HOSTEL TORINO","PIAZZA PALEOCAPA","2","239","01119704651","01119704651","info@attichostel.it","www.attichostel.it","Ostello per la gioventu","NO","NO","NO","SI","NO","NO","NO","NO","NO","NO","NO","NO","SI","NO","10 MT",,"0,2 KM","TORINO","FS PORTA NUOVA",,,,"14 KM","TORINO CASELLE","SI",,,"2","2","SI","NO","NO","NO","NO","7","1","4","25",,,,,"SI","NO","SI","SI","NO","NO","NO","NO",,,"2017","28","40",,,"30","44","32","46","24","36","26","38",,,,,"20","28","22","31","12",,,,,,,,,,,,,,,,,,,,,,"16","26",,,,,,,,,,,"SI","NO","NO",,,,,,,,"NO","NO","NO","NO","NO","SI","SI","NO","NO","NO","NO","NO","SI","NO","SI","SI","SI","SI","SI","SI","SI","NO","NO","NO","NO","NO","SI","SI","NO","NO","NO","NO","SI","NO","SI","NO","NO","NO","NO","NO","NO","NO","SI","SI","Nessuno","Nessuno","Alcuni","Nessuno","Nessuno","Nessuno","Alcuni","Nessuno","Nessuno","Nessuno","Alcuni","Nessuno","Alcuni","Tutti","Alcuni","Alcuni","Nessuno","Nessuno","Nessuno","Nessuno","Nessuno","Nessuno","NO","NO","NO","NO","NO","NO","NO","NO","NO","NO","NO","NO","NO","SI","SI","NO","NO","SI","NO","NO","NO","NO","NO"
"2017","ATL Turismo Torino e Provincia","TORINO","TORINO","10100","239","BAMBOO ECO HOSTEL","CORSO PALERMO","90/D","239","011235084",,"info@bambooecohostel.it","www.bambooecohostel.it","Ostello per la gioventu","NO","NO","NO","SI","NO","NO","NO","NO","NO","NO","NO","SI","SI","NO",,,"4 km","TORINO","PORTA NUOVA / SUSA","4 km","A4","SETTIMO","13,9 km","TORINO CASELLE ""PERTINI""","SI","2",,"1","1","SI","NO","NO","SI","NO","4","2","4","22","4","4","4",,"SI","NO","SI","NO","SI","SI","NO","NO",,,"2017",,,,,"45","45","50","50","60","60","65","65",,,,,"96","96",,,,,,,,,,,,,,,,,,,,,,,,,"22","22",,,,,,,,,,,"NO","NO","SI",,,,,,,,"NO","NO","NO","NO","NO","SI","NO","NO","NO","NO","NO","NO","NO","NO","SI","SI","SI","SI","SI","NO","NO","NO","SI","NO","NO","NO","NO","SI","SI","NO","NO","NO","SI","NO","SI","NO","NO","NO","NO","NO","NO","NO","NO","SI","Nessuno","Nessuno","Nessuno","Nessuno","Nessuno","Nessuno","Alcuni","Nessuno","Nessuno","Tutti","Nessuno","Nessuno","Alcuni","Nessuno","Alcuni","Alcuni","Nessuno","Nessuno","Nessuno","Nessuno","Nessuno","Alcuni","NO","NO","NO","NO","NO","NO","NO","NO","NO","NO","NO","NO","NO","NO","NO","NO","NO","NO","NO","NO","NO","NO","NO"
"2017","ATL Turismo Torino e Provincia","TORINO","TORINO","10100","239","CAMPLUS LINGOTTO","Via Nizza","230","239","0116939393","0116939350","lingotto.guest@camplus.it","www.camplusguest.it","Casa per Ferie","NO","NO","NO","NO","NO","NO","NO","NO","NO","NO","SI","NO","SI","NO","10 mt",,"5 km","TORINO","PORTA NUOVA","6 km","A21","FALCHERA","22","TORINO CASELLE ""PERTINI""","SI","4",,,,"SI","SI","NO","SI","NO","76",,"76","200",,,,,"SI","NO","SI","SI","NO","NO","NO","NO",,,"2017",,,,,,,"43","160",,,"48","160",,,"66","183",,,"76","210",,,,,,,,,,,,,,,,,,,,,,,,,,,,,,,,,,,"NO","SI","NO",,,,,"5","7.5",,"NO","NO","NO","NO","NO","SI","SI","SI","SI","NO","NO","NO","SI","NO","SI","SI","SI","SI","SI","SI","NO","SI","NO","NO","NO","NO","NO","SI","SI","NO","NO","NO","SI","NO","SI","NO","NO","NO","NO","NO","NO","NO","SI","NO","Nessuno","Nessuno","Alcuni","Nessuno","Nessuno","Nessuno","Alcuni","Alcuni","Nessuno","Nessuno","Nessuno","Nessuno","Alcuni","Alcuni","Alcuni","Alcuni","Nessuno","Nessuno","Nessuno","Nessuno","Alcuni","Alcuni","NO","NO","NO","NO","NO","NO","NO","NO","NO","NO","NO","NO","NO","NO","SI","SI","NO","SI","NO","SI","SI","SI","NO"
"2017","ATL Turismo Torino e Provincia","TORINO","TORINO","10100","239","CAMPUS SAN PAOLO","Via Caraglio","97","239","0113828416","0115175486",,"www.campussanpaolo.it","Casa per Ferie","NO","NO","NO","NO","NO","NO","NO","NO","NO","NO","NO","NO","SI","NO","15 mt",,"3,2 km","Torino","FS Porta Susa","6,5 km","A6","Tangenziale Torino","19,8 km","Torino Caselle","NO","14","2","14","14","SI","SI","NO","SI","NO","355",,"355","452","355","355","355","1","SI","NO","SI","SI","NO","NO","NO","NO",,,"2017",,,"16","50",,,,,,,"22","63",,,,,,,,,,,,,,,,,,,,,,,,,,,,,,,,,,,,,,,,,,,"NO","SI","NO",,,,,"5","15",,"NO","NO","NO","NO","NO","NO","NO","NO","NO","NO","NO","NO","NO","NO","NO","NO","NO","NO","NO","SI","NO","SI","NO","SI","NO","NO","NO","SI","SI","SI","SI","NO","SI","NO","SI","SI","NO","SI","NO","NO","NO","NO","SI","SI","Alcuni","Nessuno","Alcuni","Nessuno","Nessuno","Nessuno","Alcuni","Alcuni","Alcuni","Nessuno","Nessuno","Alcuni","Alcuni","Alcuni","Alcuni","Alcuni","Nessuno","Nessuno","Nessuno","Nessuno","Nessuno","Nessuno","NO","NO","NO","NO","NO","SI","NO","NO","NO","NO","NO","NO","SI","NO","SI","SI","NO","NO","NO","SI","NO","SI","SI"
"2017","ATL Turismo Torino e Provincia","TORINO","TORINO","10100","239","CASA DELLA GIOVANE","Via C. I. Giulio","8","239","0114362681","0114390169","toconsolata@fma-ipi.it",,"Casa per Ferie","NO","NO","NO","NO","NO","NO","SI","NO","SI","NO","NO","NO","SI","NO","50 mt",,"2 Km","TORINO","PORTA NUOVA","7 Km","A4","SETTIMO",,,"SI","2",,"1","1","SI","SI","NO","NO","NO","38",,"38","72","7","5",,,"NO","SI","SI","NO","NO","NO","NO","NO",,,"2017",,,"15","30",,,,,,,"23","47",,,"32","62",,,,,,,,,,,,,,,,,,,,,,,,,,,,,,,,,,,,,,,"NO","SI","NO","3","4",,,,,"72","NO","SI","SI","NO","NO","NO","NO","NO","NO","NO","NO","NO","NO","NO","SI","NO","NO","SI","SI","SI","NO","SI","SI","NO","NO","NO","NO","SI","NO","SI","SI","NO","SI","NO","SI","NO","NO","NO","NO","NO","NO","NO","SI","SI","Nessuno","Nessuno","Nessuno","Nessuno","Alcuni","Nessuno","Alcuni","Nessuno","Nessuno","Nessuno","Nessuno","Nessuno","Alcuni","Alcuni","Alcuni","Alcuni","Nessuno","Nessuno","Nessuno","Nessuno","Nessuno","Nessuno","NO","NO","NO","NO","SI","SI","SI","NO","NO","NO","NO","NO","NO","NO","SI","NO","NO","SI","NO","NO","NO","NO","NO"
"2017","ATL Turismo Torino e Provincia","TORINO","TORINO","10100","239","CASA ENRICHETTA DOMINICI","Via Massena Andrea","34","239","0115166532-3317049877","0115166599","casasantanna.to@istituto-santanna.it",,"Casa per Ferie","NO","NO","NO","NO","NO","NO","NO","NO","NO","SI","NO","NO","SI","NO","500 mt",,"0,6 km","TORINO","PORTA NUOVA","12,9 km","A55 - TANGENZIALE NORD","FALCHERA","13,5 km","TORINO CASELLE ""PERTINI""","NO",,,,,"SI","NO","NO","NO","NO","9",,"8","17","8","8","8","3","NO","SI","SI","NO","NO","NO","NO","NO",,,"2017",,,,,,,"40","45",,,"60","70",,,,,,,,,,,,,,,,,,,,,,,,,,,,,,,,,,,,,,,,,,,"NO","NO","NO",,,,,,,,"NO","NO","NO","NO","NO","NO","NO","NO","NO","NO","NO","NO","NO","SI","SI","NO","NO","SI","SI","SI","NO","SI","NO","NO","NO","NO","NO","SI","NO","SI","NO","NO","SI","NO","NO","NO","NO","NO","NO","NO","NO","NO","SI","SI","Nessuno","Nessuno","Nessuno","Nessuno","Nessuno","Nessuno","Alcuni","Nessuno","Nessuno","Nessuno","Nessuno","Nessuno","Alcuni","Alcuni","Alcuni","Alcuni","Tutti","Nessuno","Nessuno","Nessuno","Alcuni","Tutti","NO","NO","NO","NO","NO","NO","NO","NO","NO","NO","NO","NO","NO","NO","SI","NO","NO","SI","NO","NO","NO","SI","NO"
"2017","ATL Turismo Torino e Provincia","TORINO","TORINO","10100","239","CASA FEMMINILE VALDESE","Via San Pio V","15","239","0116692838","01119834888","csd.casa.femminile@tiscali.it","www.torinovaldese.org","Casa per Ferie","NO","NO","NO","NO","NO","NO","NO","NO","NO","NO","NO","NO","SI","NO",,,"0,2 km","TORINO","PORTA NUOVA",,,,"13 Km","TORINO CASELLE ""PERTINI""","NO",,,,,"SI","SI","SI","NO","NO","15",,"5","18","6","6","6",,"NO","NO","NO","SI","NO","NO","NO","NO",,,"2017","269.5","301.5",,,,,,,"232","236",,,,,,,,,,,,,,,,,,,,,,,,,,,,,,,,,,,,,,,,,,,,,"SI","NO","NO",,,,,,,,"NO","NO","NO","NO","NO","NO","NO","NO","NO","NO","NO","NO","NO","SI","SI","NO","NO","NO","NO","SI","NO","NO","SI","NO","NO","NO","NO","SI","NO","SI","NO","NO","NO","NO","SI","NO","NO","NO","NO","NO","NO","NO","SI","SI","Nessuno","Nessuno","Nessuno","Nessuno","Nessuno","Nessuno","Alcuni","Nessuno","Nessuno","Alcuni","Nessuno","Nessuno","Alcuni","Alcuni","Alcuni","Alcuni","Nessuno","Nessuno","Nessuno","Nessuno","Nessuno","Nessuno","NO","NO","NO","NO","NO","NO","NO","NO","NO","NO","NO","NO","NO","NO","NO","NO","NO","NO","NO","NO","NO","SI","NO"
"2017","ATL Turismo Torino e Provincia","TORINO","TORINO","10100","239","CASA MAMMA MARGHERITA","Via Maria Ausilliatrice","9","239","0115224201","0115224680","accoglienza@valdocco.it","www.accoglienza.valdocco.it","Casa per Ferie","NO","NO","NO","NO","NO","NO","NO","NO","NO","SI","NO","NO","SI","NO","50 mt",,"1 Km","TORINO","PORTA SUSA","3 Km","A4 TO-MI","FALCHERA","15 Km","TORINO CASELLE ""PERTINI""","SI","1",,"1","1","SI","SI","NO","SI","NO","26","7","17","155","40","43","39","1","SI","SI","NO","SI","NO","NO","NO","NO",,,"2017","20","20","35","35",,,"35","35",,,"60","60",,,"75","75",,,"85","85",,,,,,,,,,,,,,,,,,,,,,,"10","20",,,,,,,,,,,"NO","SI","NO","3","5",,,,,,"NO","NO","NO","NO","NO","NO","NO","NO","NO","NO","NO","NO","NO","SI","SI","SI","SI","NO","SI","SI","NO","NO","NO","NO","NO","SI","NO","NO","NO","NO","NO","NO","NO","NO","SI","SI","NO","NO","NO","NO","NO","NO","NO","SI","Nessuno","Nessuno","Nessuno","Nessuno","Nessuno","Nessuno","Nessuno","Nessuno","Nessuno","Nessuno","Nessuno","Nessuno","Alcuni","Tutti","Alcuni","Alcuni","Nessuno","Nessuno","Nessuno","Nessuno","Alcuni","Nessuno","NO","NO","NO","NO","NO","NO","NO","NO","NO","NO","NO","NO","NO","NO","SI","NO","NO","NO","NO","NO","NO","NO","NO"
"2017","ATL Turismo Torino e Provincia","TORINO","TORINO","10100","239","CENTRO FORMATIVO ONAOSI","Via Della Basilica","4","239","0115290500","0115290510","cftorino@onaosi.it",,"Casa per Ferie","NO","NO","NO","NO","NO","NO","SI","NO","NO","NO","NO","NO","SI","NO",,,,,,,,,,,"SI","4","4",,,"NO","NO","NO","NO","NO","94",,"54","108","62","59","54",,"NO","NO","SI","NO","NO","NO","NO","NO",,,"2017",,,,,,,,,,,,,,,,,,,,,,,,,,,,,,,,,,,,,,,,,,,,,,,,,,,,,,,"NO","NO","NO",,,,,,,,"NO","NO","NO","NO","NO","NO","NO","NO","NO","NO","NO","NO","NO","NO","NO","NO","NO","NO","NO","SI","NO","SI","NO","NO","NO","NO","NO","SI","NO","NO","SI","NO","NO","NO","SI","NO","SI","NO","NO","NO","NO","NO","NO","NO","Nessuno","Alcuni","Alcuni","Nessuno","Nessuno","Nessuno","Alcuni","Alcuni","Nessuno","Nessuno","Nessuno","Nessuno","Alcuni","Alcuni","Alcuni","Alcuni","Nessuno","Nessuno","Nessuno","Nessuno","Nessuno","Alcuni","NO","NO","NO","NO","NO","NO","NO","NO","NO","NO","NO","NO","NO","NO","SI","SI","NO","NO","NO","NO","NO","NO","NO"
"2017","ATL Turismo Torino e Provincia","TORINO","TORINO","10100","239","CENTRO PUZZLE","VIA CIMABUE","2","239","0113119900","0113010078","info@centropuzzle.it","www.centropuzzle.org","Casa per Ferie","NO","NO","NO","NO","NO","NO","NO","NO","NO","NO","SI","NO","SI","NO","10 mt",,"6,5 Km","TORINO","PORTA NUOVA","3 Km","TANGENZIALE","Corso Orbassano","22 Km","TORINO CASELLE ""PERTINI""","SI","7","7","7","7","SI","SI","SI","NO","NO","7",,"7","14","7","7","7",,"NO","NO","NO","SI","NO","NO","NO","NO",,,"2017",,,,,,,,,,,"38","38",,,,,,,,,,,,,,,,,,,,,,,,,,,,,,,,,,,,,,,,,,,"NO","NO","NO",,,,,,,,"NO","NO","NO","NO","NO","NO","NO","NO","NO","NO","NO","NO","NO","NO","SI","NO","NO","SI","SI","SI","NO","SI","NO","NO","NO","NO","NO","NO","NO","NO","NO","NO","SI","NO","NO","NO","NO","NO","NO","NO","NO","NO","SI","NO","Nessuno","Nessuno","Alcuni","Nessuno","Nessuno","Nessuno","Alcuni","Alcuni","Nessuno","Nessuno","Nessuno","Nessuno","Alcuni","Nessuno","Alcuni","Alcuni","Nessuno","Nessuno","Nessuno","Nessuno","Alcuni","Nessuno","NO","NO","NO","NO","NO","NO","NO","NO","NO","NO","NO","NO","NO","NO","NO","NO","NO","NO","NO","NO","NO","NO","NO"
"2017","ATL Turismo Torino e Provincia","TORINO","TORINO","10100","239","COLLEGIO UNIVERSITARIO R. EINAUDI - SEZ. CROCETTA","CORSO LIONE","24","239","0113851922","0118171008","concorsi@collegioeinaudi.it","www.collegioeinaudi.it","Casa per Ferie","NO","NO","NO","NO","NO","NO","NO","NO","NO","NO","NO","NO","SI","NO",,,"3,2 km","Torino","Porta Nuova","5,7 km","A6","tangenziale","19,9 km","caselle T.se","SI","10",,"10","10","NO","NO","NO","NO","NO","185",,"185","187",,,,,"NO","NO","NO","NO","NO","NO","NO","NO",,,"2017",,,"25","60",,,"25","28",,,"30","36",,,,,,,,,,,,,,,,,,,,,,,,,,,,,,,,,,,,,,,,,,,"SI","NO","NO",,,,,,,,"NO","NO","NO","NO","NO","NO","NO","NO","NO","NO","NO","NO","NO","SI","SI","NO","NO","NO","NO","SI","SI","NO","NO","NO","NO","NO","NO","SI","NO","NO","NO","NO","SI","NO","SI","NO","NO","NO","NO","NO","NO","NO","NO","SI","Nessuno","Nessuno","Nessuno","Nessuno","Nessuno","Nessuno","Alcuni","Nessuno","Nessuno","Nessuno","Nessuno","Nessuno","Alcuni","Alcuni","Alcuni","Alcuni","Nessuno","Nessuno","Nessuno","Nessuno","Nessuno","Nessuno","NO","NO","NO","NO","NO","SI","SI","NO","NO","NO","NO","NO","NO","NO","SI","NO","NO","NO","NO","NO","NO","SI","NO"
"2017","ATL Turismo Torino e Provincia","TORINO","TORINO","10100","239","COLLEGIO UNIVERSITARIO R. EINAUDI-SEZ. VALENTINO","VIA GALLIARI BERNARDINO","30","239","0114222505","0118171008","concorsi@collegioeinaudi.it","www.collegioeinaudi.it","Casa per Ferie","NO","NO","NO","NO","NO","NO","NO","NO","NO","NO","NO","NO","SI","NO",,,"0,85 km","Torino","FS Porta Nuova",,,,"17,5 km","Torino Caselle","SI","7",,"7","7","NO","NO","NO","NO","NO","145",,"145","154",,,,,"NO","NO","NO","NO","NO","NO","NO","NO",,,"2017",,,"25","60",,,"25","28",,,"30","36",,,,,,,,,,,,,,,,,,,,,,,,,,,,,,,,,,,,,,,,,,,"SI","NO","NO",,,,,,,,"NO","NO","NO","NO","NO","NO","NO","NO","NO","NO","NO","NO","NO","SI","SI","NO","NO","NO","NO","SI","SI","NO","NO","NO","NO","NO","NO","SI","NO","NO","NO","NO","SI","NO","SI","NO","NO","NO","NO","NO","NO","NO","NO","SI","Nessuno","Nessuno","Nessuno","Nessuno","Nessuno","Nessuno","Alcuni","Nessuno","Nessuno","Nessuno","Nessuno","Nessuno","Alcuni","Alcuni","Alcuni","Alcuni","Nessuno","Nessuno","Nessuno","Nessuno","Nessuno","Nessuno","NO","NO","NO","NO","NO","SI","SI","NO","NO","NO","NO","NO","NO","NO","SI","NO","NO","NO","NO","NO","NO","SI","NO"
"2017","ATL Turismo Torino e Provincia","TORINO","TORINO","10100","239","COLLEGIO UNIVERSITARIO SAN GIOVANNI EVANGELISTA","Via Madama Cristina","1","239","01119839492","0110703992","cus.sangiovanni@31gennaio.net",,"Casa per Ferie","NO","NO","NO","NO","NO","NO","SI","NO","NO","NO","NO","NO","SI","NO","100",,"0,5 km","TORINO","PORTA NUOVA","30 km","TO-SAVONA","CARMAGNOLA","30 Km","TORINO CASELLE ""PERTINI""","NO",,,,,"SI","SI","NO","SI","NO","77",,"77","77","77","77","77",,"NO","NO","SI","SI","NO","NO","NO","NO",,,"2017",,,,"350",,,,,,,,,,,,,,,,,,,,,,,,,,,,,,,,,,,,,,,,,,,,,,,,,,,"SI","NO","NO",,,,,,,,"NO","NO","NO","NO","NO","NO","NO","NO","NO","NO","NO","NO","NO","NO","SI","NO","NO","SI","SI","SI","NO","SI","NO","NO","NO","NO","NO","SI","NO","SI","SI","NO","NO","NO","SI","NO","SI","NO","NO","NO","NO","NO","SI","SI","Nessuno","Alcuni","Nessuno","Nessuno","Nessuno","Nessuno","Alcuni","Nessuno","Nessuno","Nessuno","Nessuno","Nessuno","Nessuno","Nessuno","Nessuno","Nessuno","Nessuno","Nessuno","Nessuno","Nessuno","Nessuno","Nessuno","NO","NO","NO","NO","NO","SI","NO","NO","NO","NO","NO","NO","SI","NO","SI","SI","NO","SI","NO","NO","NO","SI","NO"
"2017","ATL Turismo Torino e Provincia","TORINO","TORINO","10100","239","COLLEGIUM TRINITATIS","VICOLO CROCETTA","5/A","239","0110810354",,"info@collegiumtrinitatis.it","www.trini.to.it","Casa per Ferie","NO","NO","NO","NO","NO","NO","SI","NO","NO","NO","NO","NO","SI","NO","30 MT",,"1,7 KM","TORINO","FS PORTA NUOVA","8 KM","TANGENZIALE","ORBASSANO","18 KM","TORINO CASELLE","SI",,,,,"SI","NO","NO","NO","NO","40",,"40","68",,,,,"NO","NO","SI","SI","NO","NO","NO","NO",,,"2017",,,"18.33","18.33",,,,,,,"30","30",,,,,,,,,,,,,,,,,,,,,,,,,,,,,,,,,,,,,,,,,,,"NO","NO","SI",,,,,,,"68","NO","SI","SI","NO","NO","NO","NO","NO","NO","NO","NO","NO","NO","NO","NO","SI","NO","NO","NO","SI","NO","SI","NO","NO","NO","NO","NO","SI","SI","SI","NO","NO","SI","NO","SI","NO","NO","NO","NO","SI","NO","NO","SI","SI","Nessuno","Nessuno","Alcuni","Nessuno","Nessuno","Nessuno","Alcuni","Nessuno","Nessuno","Tutti","Nessuno","Nessuno","Alcuni","Alcuni","Alcuni","Alcuni","Nessuno","Nessuno","Nessuno","Nessuno","Nessuno","Nessuno","NO","NO","NO","NO","NO","SI","NO","NO","NO","NO","NO","NO","SI","SI","SI","NO","NO","NO","NO","NO","NO","SI","NO"
"2017","ATL Turismo Torino e Provincia","TORINO","TORINO","10100","239","CONVITTO PER STUDENTI E LAVORATORI ORIONE-MAFFEI","VIA SPOLETO","9","239","0115690832-0115212812","0117935870","orionecooperativa@libero.it","www.camereaffitto.it","Casa per Ferie","NO","NO","NO","NO","NO","NO","SI","NO","NO","NO","NO","NO","NO","NO",,,"3 Km","TORINO","PORTA SUSA","2,5 Km","55 - TANAGENZIALE NORD","Falchera","17 km","TORINO CASELLE ""PERTINI""","SI","1","1","1","1","SI","SI","NO","NO","NO","16",,"16","24","16","16","16","30","NO","SI","SI","NO","NO","NO","NO","NO",,,"2017",,,"25","35",,,"25","35",,,"20","25",,,"20","35",,,,,,,,,,,,,,,,,,,,,,,,,,,,,,,,,,,,,,,"SI","NO","NO",,,,,,,,"NO","NO","NO","NO","NO","NO","NO","NO","NO","NO","NO","NO","NO","SI","SI","NO","SI","SI","SI","SI","NO","SI","NO","NO","NO","NO","NO","SI","NO","NO","NO","NO","NO","NO","SI","NO","SI","NO","NO","SI","NO","NO","SI","SI","Alcuni","Nessuno","Alcuni","Nessuno","Nessuno","Nessuno","Alcuni","Tutti","Nessuno","Tutti","Nessuno","Alcuni","Alcuni","Alcuni","Alcuni","Alcuni","Tutti","Tutti","Nessuno","Nessuno","Nessuno","Nessuno","NO","NO","NO","NO","NO","NO","SI","NO","NO","NO","NO","NO","NO","SI","SI","SI","NO","SI","NO","NO","NO","SI","NO"
"2017","ATL Turismo Torino e Provincia","TORINO","TORINO","10100","239","CONVITTO SAN SALVARIO","Via Saluzzo","58","239","0116694728",,"contatti@sport-residence.it","www.sportresidence.com","Ostello per la gioventu","NO","NO","NO","NO","NO","NO","NO","NO","NO","NO","NO","NO","SI","NO","100 mt",,"1 km","PORTA NUOVA","FS",,,,"22 km","CASELLE","SI","2",,"2","2","SI","SI","NO","NO","NO","40",,"39","54","47","51","39","2","SI","SI","SI","SI","NO","NO","NO","NO",,,"2017",,,,"40",,,,"50",,,,"80",,,,,,,,,,,,,,,,,,,,,,,,,,,,,,,,,,"10",,,,,,,,,"NO","NO","SI",,,,,,,,"NO","NO","SI","NO","NO","NO","NO","NO","NO","NO","NO","NO","NO","SI","SI","SI","SI","SI","SI","SI","NO","SI","NO","NO","NO","NO","NO","SI","SI","SI","NO","NO","SI","SI","NO","NO","NO","SI","NO","NO","NO","NO","SI","SI","Nessuno","Nessuno","Nessuno","Nessuno","Nessuno","Nessuno","Nessuno","Nessuno","Nessuno","Nessuno","Nessuno","Nessuno","Alcuni","Alcuni","Alcuni","Alcuni","Nessuno","Nessuno","Nessuno","Nessuno","Nessuno","Nessuno","NO","NO","NO","NO","NO","NO","NO","NO","NO","NO","NO","NO","NO","NO","SI","NO","NO","NO","NO","NO","NO","NO","NO"
"2017","ATL Turismo Torino e Provincia","TORINO","TORINO","10100","239","DELLA BARCA","Strada Comunale Cascinotto","59","239","0112730972",,"ostello.abbadia@virgilio.it","www.ostelloanticaabbadia.it","Ostello per la gioventu","NO","NO","NO","NO","NO","NO","NO","NO","NO","NO","SI","NO","SI","NO","10",,,,,,,,"10 Km","TORINO CASELLE ""PERTINI""","NO",,,,,"NO","NO","NO","SI","NO","3","4","2","24","3","3","2","1","SI","SI","SI","SI","NO","NO","NO","NO",,,"2017","25","25","25","35","25","25","25","35","36","36","36","46","48","48","48","63","64","64","64","74","10",,,,,,,,,,,,,,,,,,,,,,,,,,,,,,,,,,"SI","NO","NO",,,,,,,,"NO","NO","NO","NO","NO","NO","SI","NO","NO","NO","NO","NO","NO","SI","SI","NO","NO","NO","SI","NO","NO","SI","NO","NO","SI","SI","SI","SI","SI","SI","NO","NO","NO","NO","SI","NO","NO","NO","SI","SI","NO","NO","NO","NO","Nessuno","Nessuno","Nessuno","Nessuno","Nessuno","Nessuno","Tutti","Nessuno","Nessuno","Nessuno","Nessuno","Nessuno","Alcuni","Nessuno","Alcuni","Alcuni","Nessuno","Nessuno","Nessuno","Nessuno","Nessuno","Tutti","NO","NO","NO","NO","NO","SI","NO","NO","NO","NO","NO","NO","NO","NO","SI","SI","SI","NO","NO","NO","SI","SI","NO"
"2017","ATL Turismo Torino e Provincia","TORINO","TORINO","10100","239","D'ORHO-DON ORIONE HOUSING","Corso Principe Oddone","22","239","3883254331",,"dorho.torino@gmail.com",,"Casa per Ferie","NO","NO","NO","NO","NO","NO","NO","NO","NO","NO","NO","NO","SI","NO",,,"1 km","TORINO","PORTA SUSA",,,,"12","TORINO CASELLE ""PERTINI""","SI",,,,,"SI","SI","NO","SI","NO","20",,"20","40","20","20","20",,"NO","NO","SI","SI","NO","NO","NO","NO",,,"2017",,,,,,,,,,,"19.3","19.3",,,,,,,,,,,,,,,,,,,,,,,,,,,,,,,,,,,,,,,,,,,"SI","NO","NO",,,,,,,,"NO","NO","NO","NO","NO","NO","NO","NO","NO","NO","NO","NO","NO","SI","SI","NO","NO","NO","NO","SI","NO","SI","NO","NO","NO","NO","NO","SI","NO","SI","NO","NO","NO","NO","SI","SI","NO","NO","NO","NO","NO","NO","SI","SI","Nessuno","Nessuno","Nessuno","Nessuno","Nessuno","Nessuno","Alcuni","Nessuno","Nessuno","Nessuno","Nessuno","Alcuni","Alcuni","Alcuni","Alcuni","Alcuni","Nessuno","Nessuno","Nessuno","Nessuno","Nessuno","Nessuno","NO","NO","NO","NO","NO","SI","SI","SI","NO","NO","NO","NO","NO","NO","SI","NO","NO","NO","NO","NO","NO","SI","NO"
"2017","ATL Turismo Torino e Provincia","TORINO","TORINO","10100","239","GIOVANNA D'ARCO VARSITY HOUSE","Via Pomba Giuseppe","21","239","0110208430",,"segreteria@residenzagiovannadarco.it","www.residenzagiovannadarco.it","Casa per Ferie","NO","NO","NO","NO","NO","NO","SI","NO","NO","NO","NO","NO","SI","NO",,,"700 m","Torino","FS Porta Nuova",,,,"17 lm","Caselle T.se","NO",,,,,"NO","SI","NO","NO","NO","42",,"20","50","34","55","34",,"SI","SI","SI","SI","NO","NO","NO","NO",,,"2017","10","11","13","13","8","11","13","13","8","11","13","13",,,,,,,,,,,,,,,,,,,,,,,,,,,,,,,,,"6","8",,,,,,,,,"NO","NO","SI",,,,,,,"50","NO","NO","SI","NO","NO","NO","NO","NO","NO","NO","NO","NO","NO","NO","SI","NO","NO","SI","SI","SI","NO","NO","NO","NO","NO","NO","NO","SI","SI","SI","NO","SI","NO","SI","NO","SI","NO","NO","NO","NO","NO","NO","SI","SI","Nessuno","Tutti","Nessuno","Nessuno","Nessuno","Tutti","Nessuno","Nessuno","Nessuno","Nessuno","Nessuno","Nessuno","Tutti","Tutti","Tutti","Tutti","Nessuno","Nessuno","Nessuno","Nessuno","Nessuno","Nessuno","NO","NO","NO","NO","NO","NO","NO","NO","NO","NO","NO","NO","NO","NO","NO","NO","NO","NO","NO","NO","NO","NO","NO"
"2017","ATL Turismo Torino e Provincia","TORINO","TORINO","10100","239","LINK HOUSE","STATI UNITI","11/H","239","0115631562","0110700808","segreteria@cooperativaparadigma.it","www.cooperativaparadigma.it","Casa per Ferie","NO","NO","NO","NO","NO","NO","SI","NO","NO","NO","NO","NO","SI","NO","1",,"0,5","Torino","FS Porta Nuova","13,5","A 5 To-AOSTA","Settimo T.se","17,2","Caselle T.se","NO",,,,,"SI","SI","NO","NO","NO","12",,"11","13","11","11","11","3","NO","SI","SI","SI","NO","NO","NO","NO",,,"2017","13","25","15","25",,,"15","35",,,"30","50",,,,,,,,,,,,,,,,,,,,,,,,,,,,,,,,,,,,,,,,,,,"SI","NO","NO",,,,,,,,"NO","NO","NO","NO","NO","NO","NO","NO","NO","NO","NO","NO","NO","SI","SI","NO","NO","SI","SI","SI","NO","SI","NO","NO","NO","NO","NO","NO","NO","SI","NO","NO","NO","NO","SI","NO","NO","NO","NO","NO","NO","NO","SI","SI","Nessuno","Nessuno","Nessuno","Nessuno","Nessuno","Alcuni","Nessuno","Nessuno","Nessuno","Tutti","Nessuno","Nessuno","Alcuni","Alcuni","Alcuni","Tutti","Nessuno","Nessuno","Nessuno","Nessuno","Nessuno","Nessuno","NO","NO","NO","NO","NO","NO","NO","NO","NO","NO","NO","NO","NO","NO","SI","NO","NO","SI","NO","NO","NO","NO","NO"
"2017","ATL Turismo Torino e Provincia","TORINO","TORINO","10100","239","MICHELE MAGONE","VIA SALERNO","12","239","0115224279",,"casamichelemagone@gmail.com",,"Casa per Ferie","NO","NO","NO","NO","NO","NO","NO","NO","NO","SI","NO","NO","SI","NO","30 m",,"2 km","TORINO","PORTA SUSA","6 km","TO-MI TO-AO TO-PC","Corso Regina Margherita","15 km","TORINO CASELLE ""PERTINI""","NO",,,,,"SI","NO","NO","NO","NO","19",,"3","25","5","6","4",,"SI","SI","SI","SI","NO","NO","NO","NO",,,"2017","5","10",,,,,,,"5","10",,,"5","10",,,,,,,,,,,,,,,,,,,,,,,,,,,,,,,,,,,,,,,,,"SI","NO","NO",,,,,,,,"NO","NO","NO","NO","NO","SI","NO","SI","NO","NO","NO","SI","SI","NO","SI","NO","NO","SI","SI","SI","NO","NO","NO","NO","NO","NO","NO","NO","SI","NO","NO","NO","NO","NO","SI","NO","NO","NO","NO","NO","NO","NO","NO","SI","Nessuno","Nessuno","Nessuno","Nessuno","Nessuno","Nessuno","Nessuno","Nessuno","Nessuno","Nessuno","Nessuno","Nessuno","Nessuno","Nessuno","Nessuno","Nessuno","Nessuno","Nessuno","Nessuno","Nessuno","Nessuno","Nessuno","NO","NO","NO","NO","NO","NO","NO","NO","NO","NO","NO","NO","NO","NO","NO","NO","NO","NO","NO","NO","NO","NO","NO"
"2017","ATL Turismo Torino e Provincia","TORINO","TORINO","10100","239","OSPITERIA DELL'ARSENALE DELLA PACE","Via Andreis Vittorio","18/27","239","0114368566","0115215571","ospiteria@sermig.org","www.sermig.org/ospiteria","Casa per Ferie","NO","NO","NO","NO","NO","NO","NO","NO","NO","NO","NO","NO","SI","NO","20 mt",,"3 Km","TORINO","PORTA SUSA","5 Km","TO-MILANO A4","TORINO","10 Km","TORINO CASELLE ""PERTINI""","SI","4","2","4","4","SI","SI","NO","NO","SI","69",,"69","197","74","72","69",,"SI","SI","SI","SI","NO","NO","NO","NO",,,"2017",,,"20","50",,,,,,,"35","80",,,"50","110",,,"60","120",,,,,,,,,,,,,,,,,,,,,,,,,,,,,,,,,,,"NO","NO","SI",,,,,,,,"NO","NO","NO","NO","NO","NO","NO","NO","SI","SI","NO","NO","NO","NO","SI","SI","SI","NO","SI","SI","NO","SI","SI","NO","NO","NO","SI","SI","SI","SI","NO","NO","NO","NO","SI","SI","SI","NO","NO","NO","NO","NO","SI","SI","Nessuno","Nessuno","Alcuni","Nessuno","Nessuno","Nessuno","Alcuni","Nessuno","Nessuno","Nessuno","Tutti","Nessuno","Alcuni","Nessuno","Alcuni","Alcuni","Nessuno","Nessuno","Nessuno","Nessuno","Alcuni","Nessuno","NO","NO","NO","NO","NO","NO","NO","NO","NO","NO","NO","NO","NO","NO","SI","NO","NO","SI","NO","SI","NO","NO","NO"
"2017","ATL Turismo Torino e Provincia","TORINO","TORINO","10100","239","PENSIONATO MADRE CABRINI","Via Tarino Luigi","1","239","011835858","011835859","msccabrini.to@libero.it",,"Casa per Ferie","NO","NO","NO","NO","NO","NO","SI","NO","NO","NO","NO","NO","SI","NO","10 mt",,"2 km","TORINO","PORTA NUOVA",,,,"20 km","TORINO CASELLE ""PERTINI""","SI","1",,,,"NO","NO","NO","NO","NO","31",,"31","62",,,,,"NO","NO","SI","NO","NO","NO","NO","NO",,,"2017",,,"14.5",,,,,,,,"21.96",,,,,,,,,,,,,,,,,,,,,,,,,,,,,,,,,,,,,,,,,,,,"NO","NO","NO",,,,,,,,"NO","NO","NO","NO","NO","NO","NO","NO","NO","NO","NO","NO","NO","NO","SI","NO","NO","NO","SI","SI","SI","SI","NO","NO","NO","NO","NO","SI","NO","SI","NO","NO","SI","NO","SI","SI","NO","NO","NO","NO","NO","NO","SI","SI","Nessuno","Nessuno","Nessuno","Nessuno","Nessuno","Nessuno","Tutti","Nessuno","Nessuno","Nessuno","Nessuno","Nessuno","Alcuni","Alcuni","Alcuni","Alcuni","Alcuni","Nessuno","Nessuno","Nessuno","Nessuno","Nessuno","NO","NO","NO","NO","NO","NO","NO","NO","NO","NO","NO","NO","NO","NO","SI","NO","NO","NO","NO","NO","NO","SI","NO"
"2017","ATL Turismo Torino e Provincia","TORINO","TORINO","10100","239","PENSIONATO REBAUNO","Piazza Rebaudengo Conti Di","22","239","0112429711","0112429799","economato@rebanet.it","www.rebanet.it","Casa per Ferie","NO","NO","NO","NO","NO","NO","SI","NO","NO","NO","NO","NO","SI","NO","20 mt",,"6 km","TORINO","PORTA SUSA","2 km","A4 - A5","TORINO NORD","11 km","TORINO CASELLE ""PERTINI""","NO",,,,,"SI","NO","NO","NO","NO","18",,"6","18","6","21","6",,"NO","NO","SI","NO","NO","NO","NO","NO",,,"2016",,,,,,,,,,,,,,,,,,,,,,,,,,,,,,,,,,,,,,,,,,,,,,,,,,,,,,,,,,,,,,,,,,,,,,,,,,,,,,,,,,,,"SI","NO","SI","SI","NO","NO","NO","NO","SI","NO","SI","NO","NO","NO","NO","SI","SI","NO","NO","NO","SI","NO","NO","SI","SI","Nessuno","Alcuni","Nessuno","Nessuno","Nessuno","Nessuno","Alcuni","Nessuno","Nessuno","Nessuno","Nessuno","Nessuno","Tutti","Nessuno","Alcuni","Tutti","Nessuno","Nessuno","Nessuno","Nessuno","Nessuno","Nessuno","NO","NO","NO","NO","SI","SI","SI","NO","NO","NO","NO","NO","SI","NO","SI","NO","NO","NO","NO","NO","NO","NO","NO"
"2017","ATL Turismo Torino e Provincia","TORINO","TORINO","10100","239","PENSIONATO UNIVERSITARIO VALDOCCO","Via Maria Ausiliatrice","36","239","0115224822","0115224395","cus.valdocco@31gennaio.net",,"Casa per Ferie","NO","NO","NO","NO","NO","NO","SI","NO","NO","NO","NO","NO","SI","NO","30 m",,"2 km","TORINO","PORTA SUSA","4 km","TO-MILANO A4","TORINO","15 km","TORINO CASELLE ""PERTINI""","NO",,,,,"NO","NO","NO","NO","NO","25",,"1","25","4","25","4",,"NO","NO","SI","NO","NO","NO","NO","NO",,,"2017",,,,,,,,,,,,,,,,,,,,,,,,,,,,,,,,,,,,,,,,,,,,,,,,,,,,,,,"NO","NO","NO",,,,,,,,"NO","NO","NO","NO","NO","NO","NO","NO","NO","NO","NO","NO","NO","NO","SI","NO","NO","SI","SI","SI","NO","SI","SI","NO","NO","NO","NO","SI","NO","SI","NO","NO","NO","NO","SI","SI","NO","NO","NO","NO","NO","NO","SI","SI","Nessuno","Alcuni","Nessuno","Nessuno","Nessuno","Alcuni","Nessuno","Nessuno","Nessuno","Nessuno","Nessuno","Nessuno","Nessuno","Nessuno","Nessuno","Nessuno","Nessuno","Nessuno","Nessuno","Nessuno","Nessuno","Nessuno","NO","NO","NO","NO","SI","SI","SI","NO","NO","NO","NO","NO","SI","NO","SI","NO","NO","NO","NO","NO","NO","NO","NO"
"2017","ATL Turismo Torino e Provincia","TORINO","TORINO","10100","239","RESIDENZA UNIVERSITARIA CARLO MOLLINO","Corso Peschiera","90","239","01119752000-3460763219","0119752171","residenza.mollino@camplus.it","www.camplusapartments.it","Casa per Ferie","NO","NO","NO","NO","NO","NO","NO","NO","NO","NO","NO","NO","SI","NO","5 MT",,"2 KM","TORINO","PORTA SUSA","13 KM","A55 - TANG. NORD","BARRIERA","18 KM","TORINO CASELLE","SI","7","4",,,"SI","NO","NO","SI","NO","56",,"56","104",,,,,"NO","NO","SI","SI","NO","NO","NO","NO",,,"2017",,,,,,,,,,,,,,,,,,,,,,,,,,,,,,,,,,,,,,,,,,,,,,,,,,,,,,,"SI","NO","NO",,,,,,,,"NO","NO","NO","NO","NO","NO","NO","NO","NO","NO","NO","NO","NO","SI","SI","SI","SI","SI","SI","SI","NO","SI","NO","NO","NO","NO","NO","SI","NO","SI","SI","NO","NO","NO","SI","SI","SI","NO","NO","SI","NO","NO","SI","SI","Nessuno","Nessuno","Alcuni","Nessuno","Nessuno","Nessuno","Alcuni","Nessuno","Nessuno","Nessuno","Nessuno","Nessuno","Alcuni","Tutti","Alcuni","Tutti","Nessuno","Nessuno","Nessuno","Nessuno","Nessuno","Nessuno","NO","NO","NO","NO","NO","NO","NO","SI","NO","NO","NO","NO","SI","NO","SI","NO","NO","NO","NO","NO","SI","SI","NO"
"2017","ATL Turismo Torino e Provincia","TORINO","TORINO","10100","239","RESIDENZA VALPIANA","Strada Valpiana","31","239","0118998555","0118998555","mail@fondazione-df.com","www.fondazione-df.com","Ostello per la gioventu","NO","NO","NO","SI","NO","NO","NO","NO","NO","NO","NO","NO","SI","NO",,,"km 3,7","Torino","FS Porta Nuova","km 6,9","TO-MI","Torino","km 15,9","Torino Caselle","SI",,"4","2","2","SI","SI","NO","NO","NO","11",,"6","23","8","8","6",,"NO","NO","NO","NO","NO","NO","NO","NO",,,"2017","8","40",,,,,,,"16","80",,,"24","120",,,"32","150",,,,,,,,,,,,,,,,,,,,,,,,,,,,,,,,,,,,,"NO","NO","NO",,,,,,,,"NO","NO","NO","NO","NO","NO","NO","NO","NO","NO","NO","NO","NO","NO","SI","NO","NO","NO","SI","NO","NO","NO","NO","NO","NO","NO","NO","SI","NO","SI","NO","NO","NO","NO","NO","NO","SI","NO","NO","NO","NO","NO","SI","SI","Nessuno","Nessuno","Nessuno","Nessuno","Nessuno","Nessuno","Nessuno","Nessuno","Nessuno","Nessuno","Nessuno","Nessuno","Alcuni","Tutti","Alcuni","Tutti","Tutti","Nessuno","Nessuno","Nessuno","Nessuno","Nessuno","NO","NO","NO","NO","NO","NO","NO","NO","NO","NO","NO","NO","NO","NO","SI","NO","NO","NO","NO","NO","NO","SI","NO"
"2017","ATL Turismo Torino e Provincia","TORINO","TORINO","10100","239","SGUARDO SU TORINO","Via Capriolo","18","239","0113835245-3371320952","0113802905","sguardosutorino@gruppoarco.org","www.gruppoarco.org/sguardosutorino","Ostello per la gioventu","NO","NO","NO","NO","NO","NO","NO","NO","NO","NO","NO","NO","SI","NO",,,"2 km","TORINO","PORTA SUSA",,,,"17 Km","TORINO CASELLE ""PERTINI""","SI","1",,,,"SI","SI","NO","NO","NO","5",,"4","9","4","4","4",,"NO","SI","NO","SI","NO","NO","NO","NO",,,"2017",,,"25","30",,,,,,,"40","50",,,,,,,,,,,,,,,,,,,,,,,,,,,,,,,,,,,,,,,,,,,"SI","NO","NO",,,,,,,,"NO","NO","NO","NO","NO","SI","SI","NO","NO","NO","NO","NO","SI","SI","SI","NO","NO","NO","SI","SI","SI","SI","NO","NO","NO","NO","NO","SI","NO","SI","NO","NO","NO","NO","SI","SI","NO","NO","NO","SI","NO","NO","SI","SI","Nessuno","Nessuno","Nessuno","Nessuno","Nessuno","Nessuno","Alcuni","Nessuno","Nessuno","Alcuni","Nessuno","Nessuno","Alcuni","Nessuno","Alcuni","Alcuni","Nessuno","Nessuno","Nessuno","Nessuno","Nessuno","Nessuno","NO","NO","NO","NO","NO","NO","NO","NO","NO","NO","NO","NO","SI","NO","SI","NO","NO","SI","NO","NO","NO","NO","NO"
"2017","ATL Turismo Torino e Provincia","TORINO","TORINO","10100","239","WINS BOARDING","VIA TRAVES","28","239","0111972111","0111972150","info@worldinternationalschool.com","www.worldinternationalschool.com","Casa per Ferie","NO","NO","NO","NO","NO","NO","NO","NO","NO","NO","NO","NO","SI","NO","250 MT",,"5,5 KM","TORINO","GTT DORA","11,5 KM","A55","SETTIMO TORINESE","16,5 KM","TORINO CASELLE","SI","6","4","6","6","SI","SI","NO","SI","NO","46",,"46","86",,,,,"SI","NO","SI","SI","NO","NO","NO","NO",,,"2017",,,"50","50",,,,,,,"86","86",,,,,,,,,,,,,,,,,,,,,,,,,,,,,,,,,,,,,,,,,,,"SI","NO","NO",,,,,,,,"NO","NO","NO","NO","NO","SI","NO","NO","NO","NO","NO","NO","NO","NO","SI","SI","SI","NO","NO","SI","NO","NO","NO","SI","NO","NO","NO","NO","SI","NO","NO","NO","NO","NO","SI","NO","NO","NO","NO","NO","NO","NO","NO","SI","Alcuni","Nessuno","Alcuni","Nessuno","Nessuno","Nessuno","Alcuni","Alcuni","Tutti","Alcuni","Nessuno","Nessuno","Alcuni","Alcuni","Alcuni","Alcuni","Nessuno","Nessuno","Nessuno","Nessuno","Alcuni","Nessuno","NO","NO","NO","NO","NO","NO","NO","NO","NO","NO","NO","NO","NO","NO","SI","SI","NO","NO","NO","NO","NO","NO","NO"
